Occupation,Number of full-time workers,Number of men,Number of women,Percentage of women in occupational group,Median earnings,Median earnings men,Median earnings women,Women's earnings as a percentage of men's earnings
Healthcare social workers,"68,427","16,029","52,398",76.6,"49,796","44,289","51,169",115.5
"Meeting, convention, and event planners","104,821","25,790","79,031",75.4,"51,837","48,050","53,177",110.7
Residential advisors,"28,752","10,033","18,719",65.1,"33,972","31,909","35,235",110.4
Substance abuse and behavioral disorder counselors,"88,750","24,017","64,733",72.9,"42,210","40,951","44,139",107.8
"Personal care and service workers, all other","65,992","30,019","35,973",54.5,"29,588","28,383","30,232",106.5
Nuclear medicine technologists and medical dosimetrists,"20,000","10,510","9,490",47.5,"90,989","90,113","95,376",105.8
Orderlies and psychiatric aides,"52,510","27,968","24,542",46.7,"31,201","30,443","32,105",105.5
Computer network architects,"107,703","99,158","8,545",7.9,"96,521","96,066","101,160",105.3
"Plumbers, pipefitters, and steamfitters","509,708","502,480","7,228",1.4,"50,451","50,428","52,515",104.1
"Wholesale and retail buyers, except farm products","148,058","73,781","74,277",50.2,"46,212","45,571","47,091",103.3
Special education teachers,"310,161","49,180","260,981",84.1,"53,483","52,245","53,660",102.7
Paralegals and legal assistants,"342,756","47,264","295,492",86.2,"51,671","50,610","51,836",102.4
Urban and regional planners,"34,300","20,266","14,034",40.9,"79,013","78,409","79,918",101.9
Biological scientists,"77,736","38,800","38,936",50.1,"68,265","67,687","68,603",101.4
"Educational, guidance, and career counselors and advisors","271,368","63,280","208,088",76.7,"52,143","51,760","52,226",100.9
Medical records specialists,"160,327","13,845","146,482",91.4,"42,724","42,418","42,756",100.8
Other community and social service specialists,"70,373","25,582","44,791",63.6,"48,076","47,769","48,131",100.8
"Social workers, all other","590,916","105,937","484,979",82.1,"48,821","48,632","48,864",100.5
Gambling services workers,"77,663","40,434","37,229",47.9,"40,787","40,732","40,835",100.3
"Computer, automated teller, and office machine repairers","130,423","119,241","11,182",8.6,"46,836","46,837","46,828",100
Fast food and counter workers,"166,725","59,635","107,090",64.2,"21,335","21,341","21,331",100
Transportation security screeners,"39,698","21,783","17,915",45.1,"44,393","44,518","44,244",99.4
Mechanical engineers,"296,616","272,658","23,958",8.1,"91,119","91,189","90,524",99.3
Preschool and kindergarten teachers,"540,060","14,260","525,800",97.4,"30,559","31,149","30,537",98
Tutors,"22,223","7,990","14,233",64,"32,474","33,060","32,365",97.9
Financial examiners,"19,044","9,882","9,162",48.1,"80,708","81,979","80,160",97.8
Exercise trainers and group fitness instructors,"101,160","56,651","44,509",44,"36,726","37,133","36,261",97.7
Mental health counselors,"85,866","22,396","63,470",73.9,"47,419","48,361","47,244",97.7
Producers and directors,"141,910","86,287","55,623",39.2,"71,241","71,790","70,118",97.7
"Bookkeeping, accounting, and auditing clerks","817,933","108,929","709,004",86.7,"41,228","42,204","41,079",97.3
"Door-to-door sales workers, news and street vendors, and related workers","47,986","26,273","21,713",45.2,"31,556","31,980","31,099",97.2
Emergency medical technicians,"97,157","58,890","38,267",39.4,"36,568","37,011","35,979",97.2
Veterinary technologists and technicians,"104,077","13,464","90,613",87.1,"31,639","32,454","31,523",97.1
"Geoscientists and hydrologists, except geographers","38,013","28,640","9,373",24.7,"92,380","93,523","90,643",96.9
Architectural and engineering managers,"167,664","149,081","18,583",11.1,"146,705","147,093","142,245",96.7
Clinical laboratory technologists and technicians,"262,812","76,287","186,525",71,"47,169","48,452","46,840",96.7
Biological technicians,"21,176","10,180","10,996",51.9,"51,294","52,030","50,278",96.6
Tellers,"195,977","33,475","162,502",82.9,"30,020","30,807","29,673",96.3
"Archivists, curators, and museum technicians","54,516","26,064","28,452",52.2,"59,951","60,872","58,470",96.1
"Child, family, and school social workers","57,716","9,972","47,744",82.7,"45,914","47,218","45,370",96.1
Home health aides,"279,345","34,885","244,460",87.5,"26,250","27,181","26,124",96.1
"Legal support workers, all other","45,885","14,485","31,400",68.4,"50,028","50,717","48,687",96
Network and computer systems administrators,"204,989","167,734","37,255",18.2,"75,994","76,323","73,211",95.9
"Therapists, all other","115,580","25,429","90,151",78,"51,889","53,832","51,628",95.9
Chemical engineers,"69,069","56,392","12,677",18.4,"102,493","105,727","101,296",95.8
Web and digital interface designers,"50,648","29,451","21,197",41.9,"63,645","65,154","62,292",95.6
Software quality assurance analysts and testers,"62,927","35,950","26,977",42.9,"77,462","79,116","75,591",95.5
Psychiatric technicians,"56,330","17,970","38,360",68.1,"34,020","34,830","33,194",95.3
Dietitians and nutritionists,"70,304","6,865","63,439",90.2,"54,338","56,615","53,875",95.2
Other mathematical science occupations,"113,858","61,675","52,183",45.8,"76,480","78,141","74,189",94.9
Pharmacists,"249,804","113,493","136,311",54.6,"122,473","128,130","121,218",94.6
Public safety telecommunicators,"86,913","28,530","58,383",67.2,"45,215","46,497","43,993",94.6
"Transportation, storage, and distribution managers","254,736","204,652","50,084",19.7,"58,586","59,497","56,225",94.5
Dishwashers,"111,948","85,298","26,650",23.8,"21,512","21,793","20,566",94.4
Statistical assistants,"23,753","10,134","13,619",57.3,"58,497","60,893","57,406",94.3
Massage therapists,"69,997","16,412","53,585",76.6,"35,213","36,568","34,442",94.2
Travel agents,"56,365","12,522","43,843",77.8,"42,955","45,213","42,601",94.2
Bill and account collectors,"119,725","31,167","88,558",74,"37,056","38,978","36,669",94.1
Compliance officers,"267,175","125,444","141,731",53,"70,080","71,591","67,291",94
Bailiffs,"19,555","12,403","7,152",36.6,"54,655","56,076","52,627",93.8
Nurse anesthetists,"33,499","14,105","19,394",57.9,"178,784","182,499","171,149",93.8
Helpers--production workers,"39,451","29,474","9,977",25.3,"31,562","32,321","30,300",93.7
"Industrial engineers, including health and safety","233,006","187,248","45,758",19.6,"85,497","86,334","80,836",93.6
Materials engineers,"47,988","41,012","6,976",14.5,"87,405","87,936","82,210",93.5
Training and development managers,"51,405","23,477","27,928",54.3,"77,092","80,200","74,867",93.4
"News analysts, reporters, and journalists","60,194","32,325","27,869",46.3,"61,427","63,251","59,024",93.3
"Office machine operators, except computer","25,307","12,469","12,838",50.7,"31,197","32,667","30,437",93.2
"Hotel, motel, and resort desk clerks","87,970","33,447","54,523",62,"25,371","26,251","24,435",93.1
Registered nurses,"2,523,490","336,793","2,186,697",86.7,"69,754","73,603","68,509",93.1
Physical therapist assistants and aides,"74,046","27,032","47,014",63.5,"46,938","49,756","46,197",92.8
Executive secretaries and executive administrative assistants,"219,808","11,534","208,274",94.8,"60,394","64,976","60,235",92.7
Manicurists and pedicurists,"179,563","39,649","139,914",77.9,"24,552","25,869","23,945",92.6
Secondary school teachers,"918,052","396,335","521,717",56.8,"57,033","60,209","55,665",92.5
Graphic designers,"236,517","116,992","119,525",50.5,"50,546","52,123","48,187",92.4
"Tailors, dressmakers, and sewers","43,501","11,564","31,937",73.4,"28,660","30,129","27,813",92.3
Cleaners of vehicles and equipment,"238,611","200,604","38,007",15.9,"27,690","28,467","26,163",91.9
Statisticians,"37,709","18,881","18,828",49.9,"94,269","100,273","92,037",91.8
Agricultural and food scientists,"26,160","17,526","8,634",33,"72,569","76,256","69,856",91.6
"Food servers, nonrestaurant","83,694","28,289","55,405",66.2,"25,736","27,271","24,949",91.5
"Office clerks, general","830,235","139,044","691,191",83.3,"35,253","37,959","34,712",91.4
Order clerks,"74,291","33,049","41,242",55.5,"33,738","35,945","32,857",91.4
Security guards and gambling surveillance officers,"715,456","539,391","176,065",24.6,"32,297","33,540","30,648",91.4
Writers and authors,"130,883","58,209","72,674",55.5,"61,189","65,666","60,049",91.4
Stockers and order fillers,"891,051","577,896","313,155",35.1,"28,530","29,693","27,097",91.3
Computer programmers,"286,721","227,137","59,584",20.8,"88,133","90,404","82,351",91.1
Electrical and electronics engineers,"230,750","210,460","20,290",8.8,"101,450","101,802","92,617",91
Nurse practitioners,"164,509","19,911","144,598",87.9,"104,948","113,546","103,312",91
"Textile machine setters, operators, and tenders","20,232","9,147","11,085",54.8,"29,225","29,966","27,276",91
Clergy,"349,811","293,634","56,177",16.1,"50,056","50,686","46,062",90.9
File clerks,"100,536","24,277","76,259",75.9,"36,466","39,468","35,894",90.9
Elementary and middle school teachers,"2,064,340","407,312","1,657,028",80.3,"52,368","57,041","51,787",90.8
"Engineers, all other","531,908","457,152","74,756",14.1,"100,779","101,281","91,932",90.8
Miscellaneous social scientists and related workers,"32,574","18,160","14,414",44.3,"71,322","74,452","67,575",90.8
"Counselors, all other","131,603","47,615","83,988",63.8,"43,484","46,527","42,184",90.7
Flight attendants,"62,548","17,871","44,677",71.4,"52,385","56,759","51,471",90.7
Automotive service technicians and mechanics,"742,976","728,127","14,849",2,"40,814","40,844","37,022",90.6
Computer support specialists,"564,384","420,458","143,926",25.5,"59,893","60,877","55,112",90.5
Occupational therapists,"82,325","10,754","71,571",86.9,"72,877","79,798","72,121",90.4
Medical scientists,"121,653","54,981","66,672",54.8,"76,684","81,831","73,907",90.3
Coaches and scouts,"109,599","74,962","34,637",31.6,"47,895","50,244","45,311",90.2
Data entry keyers,"188,781","38,937","149,844",79.4,"33,954","36,893","33,264",90.2
Food preparation workers,"391,401","169,621","221,780",56.7,"23,341","24,753","22,324",90.2
Childcare workers,"488,187","25,735","462,452",94.7,"23,064","25,474","22,945",90.1
Fundraisers,"64,629","17,970","46,659",72.2,"71,979","78,295","70,435",90
Natural sciences managers,"15,582","6,544","9,038",58,"86,206","91,559","82,432",90
Physical therapists,"192,911","76,599","116,312",60.3,"80,762","85,977","77,337",90
Aerospace engineers,"120,118","105,598","14,520",12.1,"110,761","112,402","101,105",89.9
Loan interviewers and clerks,"110,212","27,865","82,347",74.7,"45,558","49,651","44,613",89.9
Probation officers and correctional treatment specialists,"88,471","40,145","48,326",54.6,"51,532","55,208","49,650",89.9
"Purchasing agents, except wholesale, retail, and farm products","249,353","119,709","129,644",52,"57,633","61,399","55,160",89.8
Landscaping and groundskeeping workers,"741,974","702,558","39,416",5.3,"28,716","28,949","25,953",89.7
Other educational instruction and library workers,"92,159","22,504","69,655",75.6,"60,501","66,194","59,392",89.7
Pharmacy technicians,"248,368","59,271","189,097",76.1,"33,916","36,409","32,655",89.7
Phlebotomists,"98,408","15,507","82,901",84.2,"33,910","36,615","32,845",89.7
Chemical technicians,"60,524","39,590","20,934",34.6,"54,646","56,613","50,723",89.6
"Interviewers, except eligibility and loan","124,676","26,129","98,547",79,"32,490","35,916","32,163",89.6
Receptionists and information clerks,"783,751","74,719","709,032",90.5,"30,656","33,986","30,464",89.6
Cashiers,"1,042,620","297,898","744,722",71.4,"22,460","24,616","22,032",89.5
Construction laborers,"1,342,918","1,299,070","43,848",3.3,"35,888","35,966","32,164",89.4
Social and human service assistants,"176,799","39,630","137,169",77.6,"38,851","42,557","38,040",89.4
Conservation scientists and foresters,"20,035","14,422","5,613",28,"61,702","65,489","58,470",89.3
"Environmental scientists and specialists, including health","34,279","20,655","13,624",39.7,"67,013","70,862","63,309",89.3
Financial and investment analysts,"256,287","145,420","110,867",43.3,"82,194","86,999","77,723",89.3
Medical assistants,"456,251","44,236","412,015",90.3,"32,201","35,855","32,009",89.3
"Other life, physical, and social science technicians","139,917","70,254","69,663",49.8,"46,396","49,080","43,812",89.3
"Court, municipal, and license clerks","71,376","14,736","56,640",79.4,"41,667","45,730","40,769",89.2
Payroll and timekeeping clerks,"122,053","15,983","106,070",86.9,"45,638","50,361","44,925",89.2
"Chemical processing machine setters, operators, and tenders","66,532","58,152","8,380",12.6,"51,384","51,861","46,206",89.1
Industrial truck and tractor operators,"545,613","502,642","42,971",7.9,"35,270","35,544","31,639",89
Personal care aides,"761,338","140,604","620,734",81.5,"26,633","29,454","26,202",89
Nursing assistants,"958,206","106,909","851,297",88.8,"29,292","32,262","28,686",88.9
First-line supervisors of security workers,"68,062","51,220","16,842",24.7,"55,262","56,627","50,313",88.8
Rehabilitation counselors,"22,369","8,451","13,918",62.2,"50,906","54,863","48,720",88.8
Insurance claims and policy processing clerks,"174,458","32,158","142,300",81.6,"40,211","44,536","39,496",88.7
"Shipping, receiving, and inventory clerks","508,723","343,569","165,154",32.5,"34,564","35,800","31,758",88.7
Software developers,"1,470,133","1,204,391","265,742",18.1,"111,358","114,190","101,266",88.7
Editors,"99,317","45,771","53,546",53.9,"62,494","68,177","60,415",88.6
Project management specialists,"589,543","330,922","258,621",43.9,"86,829","91,657","81,250",88.6
Respiratory therapists,"95,448","35,422","60,026",62.9,"60,774","65,518","58,067",88.6
Budget analysts,"47,888","18,816","29,072",60.7,"80,399","85,902","75,988",88.5
"Secretaries and administrative assistants, except legal, medical, and executive","1,680,344","103,188","1,577,156",93.9,"39,913","44,698","39,572",88.5
Agricultural and food science technicians,"34,910","22,517","12,393",35.5,"50,504","52,062","46,020",88.4
Environmental engineers,"28,423","19,909","8,514",30,"84,613","91,027","80,086",88
Public relations specialists,"97,027","36,018","61,009",62.9,"72,218","77,795","68,444",88
Industrial production managers,"255,384","197,946","57,438",22.5,"81,203","82,295","72,351",87.9
"Bus drivers, school","112,016","51,284","60,732",54.2,"30,307","31,685","27,824",87.8
Postmasters and mail superintendents,"25,907","12,918","12,989",50.1,"75,172","80,298","70,511",87.8
Paramedics,"93,642","66,054","27,588",29.5,"56,107","59,454","52,038",87.5
Shuttle drivers and chauffeurs,"70,225","60,719","9,506",13.5,"31,682","32,077","28,056",87.5
Technical writers,"50,273","22,013","28,260",56.2,"75,883","81,825","71,568",87.5
Licensed practical and licensed vocational nurses,"518,946","62,232","456,714",88,"42,180","47,859","41,851",87.4
"Computer occupations, all other","592,121","437,000","155,121",26.2,"66,873","70,029","61,048",87.2
Librarians and media collections specialists,"139,287","25,285","114,002",81.8,"54,259","60,622","52,794",87.1
Radiologic technologists and technicians,"163,506","57,552","105,954",64.8,"57,144","62,255","54,238",87.1
Barbers,"80,456","63,373","17,083",21.2,"29,283","30,194","26,254",87
Civil engineers,"373,633","317,526","56,107",15,"90,702","91,923","79,966",87
Firefighters,"297,645","287,333","10,312",3.5,"71,600","71,743","62,394",87
Physician assistants,"107,710","37,766","69,944",64.9,"110,834","121,816","105,676",86.8
Other drafters,"78,663","63,906","14,757",18.8,"56,894","58,064","50,363",86.7
Public relations and fundraising managers,"84,254","28,038","56,216",66.7,"80,613","88,589","76,776",86.7
Cooks,"1,279,709","782,667","497,042",38.8,"24,423","25,664","22,228",86.6
Police officers,"738,767","629,455","109,312",14.8,"67,927","70,132","60,644",86.5
Postal service mail carriers,"287,881","183,551","104,330",36.2,"58,486","60,980","52,770",86.5
Customer service representatives,"1,925,743","640,682","1,285,061",66.7,"36,083","40,396","34,903",86.4
Facilities managers,"109,054","90,355","18,699",17.1,"70,673","71,641","61,894",86.4
"Baggage porters, bellhops, and concierges","69,647","50,639","19,008",27.3,"35,013","36,761","31,700",86.2
Computer and information systems managers,"614,170","437,646","176,524",28.7,"112,542","118,104","101,763",86.2
First-line supervisors of police and detectives,"98,715","84,369","14,346",14.5,"89,127","91,124","78,532",86.2
Interior designers,"69,488","14,694","54,794",78.9,"52,478","60,377","52,074",86.2
Construction managers,"779,567","716,687","62,880",8.1,"77,210","78,521","67,585",86.1
Landscape architects,"25,090","16,522","8,568",34.1,"69,063","71,685","61,693",86.1
Other designers,"260,096","155,594","104,502",40.2,"67,298","71,832","61,711",85.9
Sewing machine operators,"111,437","30,331","81,106",72.8,"26,430","29,691","25,516",85.9
Other healthcare practitioners and technical occupations,"72,581","26,338","46,243",63.7,"55,473","61,136","52,462",85.8
"Directors, religious activities and education","50,617","22,424","28,193",55.7,"50,019","52,287","44,829",85.7
Other entertainment attendants and related workers,"66,172","40,251","25,921",39.2,"26,873","29,897","25,633",85.7
"Religious workers, all other","45,138","18,697","26,441",58.6,"37,044","41,898","35,923",85.7
First-line supervisors of correctional officers,"35,106","25,597","9,509",27.1,"60,878","63,619","54,473",85.6
Dining room and cafeteria attendants and bartender helpers,"95,083","54,973","40,110",42.2,"23,743","25,219","21,564",85.5
Chefs and head cooks,"409,007","328,921","80,086",19.6,"35,152","36,130","30,819",85.3
"Laborers and freight, stock, and material movers, hand","1,517,280","1,223,790","293,490",19.3,"32,046","33,340","28,429",85.3
Postal service clerks,"112,256","49,159","63,097",56.2,"55,917","60,322","51,428",85.3
Information security analysts,"119,961","97,720","22,241",18.5,"100,526","101,763","86,684",85.2
"Television, video, and film camera operators and editors","61,994","50,147","11,847",19.1,"56,475","59,974","51,125",85.2
Logisticians,"144,009","93,377","50,632",35.2,"53,653","57,995","49,367",85.1
Electricians,"811,762","797,331","14,431",1.8,"52,959","53,303","45,195",84.8
"Human resources assistants, except payroll and timekeeping","45,673","8,617","37,056",81.1,"44,414","51,432","43,628",84.8
Management analysts,"726,470","416,513","309,957",42.7,"87,256","95,439","80,978",84.8
"Postal service mail sorters, processors, and processing machine operators","47,475","23,401","24,074",50.7,"49,267","54,901","46,540",84.8
Computer systems analysts,"541,210","324,263","216,947",40.1,"81,998","89,427","75,628",84.6
Dental assistants,"202,177","13,511","188,666",93.3,"34,049","39,742","33,630",84.6
Magnetic resonance imaging technologists,"38,270","19,080","19,190",50.1,"71,373","78,467","66,369",84.6
"Other installation, maintenance, and repair workers","172,009","161,807","10,202",5.9,"41,812","42,063","35,565",84.6
Human resources workers,"721,077","178,206","542,871",75.3,"61,216","69,952","59,120",84.5
Packaging and filling machine operators and tenders,"212,342","96,936","115,406",54.3,"30,005","32,283","27,293",84.5
Computer and information research scientists,"29,036","20,124","8,912",30.7,"115,444","121,128","102,179",84.4
Human resources managers,"239,909","59,647","180,262",75.1,"82,113","95,120","80,175",84.3
"Library assistants, clerical","37,734","7,883","29,851",79.1,"31,853","36,809","31,014",84.3
"Packers and packagers, hand","343,909","147,771","196,138",57,"26,673","30,155","25,360",84.1
Billing and posting clerks,"379,418","50,577","328,841",86.7,"37,811","44,192","37,101",84
Other assemblers and fabricators,"824,113","521,094","303,019",36.8,"35,145","37,321","31,338",84
Recreation workers,"103,662","32,662","71,000",68.5,"32,488","37,503","31,516",84
Market research analysts and marketing specialists,"275,322","114,274","161,048",58.5,"70,326","77,416","64,915",83.9
"Compensation, benefits, and job analysis specialists","64,873","14,435","50,438",77.7,"58,516","67,307","56,436",83.8
Cutting workers,"55,836","44,990","10,846",19.4,"31,443","32,081","26,840",83.7
Economists,"25,524","16,728","8,796",34.5,"120,055","122,372","102,443",83.7
"Office and administrative support workers, all other","509,775","127,935","381,840",74.9,"42,205","49,217","41,197",83.7
Dentists,"114,510","77,891","36,619",32,"152,233","167,574","140,040",83.6
"Weighers, measurers, checkers, and samplers, recordkeeping","68,608","36,872","31,736",46.3,"36,526","39,636","33,127",83.6
Surgical technologists,"88,156","25,648","62,508",70.9,"45,502","50,890","42,475",83.5
Construction and building inspectors,"85,478","77,747","7,731",9,"60,183","60,858","50,765",83.4
Postsecondary teachers,"905,983","474,898","431,085",47.6,"72,172","80,052","66,777",83.4
"Maintenance and repair workers, general","568,107","540,045","28,062",4.9,"46,852","47,222","39,321",83.3
"Electrical, electronics, and electromechanical assemblers","110,824","57,685","53,139",47.9,"32,678","36,834","30,596",83.1
"Physical scientists, all other","270,593","152,600","117,993",43.6,"85,113","92,369","76,748",83.1
Photographers,"90,433","53,372","37,061",41,"44,026","48,370","40,167",83
Purchasing managers,"199,161","100,815","98,346",49.4,"80,744","88,888","73,783",83
Musicians and singers,"50,740","40,116","10,624",20.9,"42,121","46,095","38,229",82.9
Optometrists,"32,041","17,767","14,274",44.5,"120,503","131,284","108,797",82.9
Private detectives and investigators,"82,764","43,362","39,402",47.6,"55,050","59,978","49,728",82.9
First-line supervisors of food preparation and serving workers,"385,969","171,062","214,907",55.7,"28,989","32,293","26,723",82.8
Operations research analysts,"146,923","75,534","71,389",48.6,"82,311","91,362","75,537",82.7
Maids and housekeeping cleaners,"801,736","121,508","680,228",84.8,"23,424","27,364","22,613",82.6
First-Line supervisors of non-retail sales workers,"993,841","653,443","340,398",34.3,"63,470","69,054","56,968",82.5
Animal caretakers,"144,411","37,603","106,808",74,"27,427","31,922","26,313",82.4
Miscellaneous health technologists and technicians,"114,397","43,689","70,708",61.8,"44,690","50,444","41,498",82.3
Advertising sales agents,"103,843","48,747","55,096",53.1,"67,930","75,437","61,978",82.2
Social and community service managers,"347,489","104,765","242,724",69.9,"60,680","69,624","57,201",82.2
"Eligibility interviewers, government programs","73,327","11,078","62,249",84.9,"43,658","51,609","42,379",82.1
Web developers,"79,120","57,266","21,854",27.6,"72,754","76,175","62,340",81.8
Architectural and civil drafters,"42,570","35,541","7,029",16.5,"54,740","56,781","46,393",81.7
Bartenders,"241,642","119,247","122,395",50.7,"31,583","35,310","28,810",81.6
"Hosts and hostesses, restaurant, lounge, and coffee shop","50,082","8,716","41,366",82.6,"21,028","25,275","20,632",81.6
Other psychologists,"94,267","29,864","64,403",68.3,"85,411","98,820","80,629",81.6
"Credit authorizers, checkers, and clerks","34,560","9,673","24,887",72,"44,894","51,529","42,007",81.5
"Sales representatives, wholesale and manufacturing","1,156,116","847,543","308,573",26.7,"70,044","72,961","59,382",81.4
"Mail clerks and mail machine operators, except postal service","47,591","24,878","22,713",47.7,"31,599","34,803","28,273",81.2
Entertainment and recreation managers,"31,252","19,178","12,074",38.6,"56,527","62,292","50,514",81.1
Machinists,"328,317","312,592","15,725",4.8,"50,440","50,776","41,163",81.1
Other healthcare support workers,"125,894","41,778","84,116",66.8,"35,248","40,016","32,320",80.8
Tour and travel guides,"21,911","13,406","8,505",38.8,"31,442","34,760","28,055",80.7
Bakers,"145,375","61,934","83,441",57.4,"29,241","32,465","26,157",80.6
"Cutting, punching, and press machine setters, operators, and tenders, metal and plastic","71,099","59,878","11,221",15.8,"36,838","38,112","30,700",80.6
"First-line supervisors of mechanics, installers, and repairers","220,003","205,076","14,927",6.8,"64,517","65,351","52,684",80.6
Occupational health and safety specialists and technicians,"65,744","46,732","19,012",28.9,"67,055","72,319","58,289",80.6
"Food processing workers, all other","123,068","83,359","39,709",32.3,"36,136","38,141","30,695",80.5
"Other engineering technologists and technicians, except drafters","333,773","268,665","65,108",19.5,"56,233","60,034","48,180",80.3
Medical and health services managers,"611,961","172,451","439,510",71.8,"75,556","88,871","71,282",80.2
Accountants and auditors,"1,442,414","596,824","845,590",58.6,"70,258","80,288","64,303",80.1
Couriers and messengers,"211,301","178,625","32,676",15.5,"40,128","41,142","32,967",80.1
"Crushing, grinding, polishing, mixing, and blending workers","84,477","74,270","10,207",12.1,"39,444","40,349","32,332",80.1
Education and childcare administrators,"801,378","285,342","516,036",64.4,"73,198","83,924","67,133",80
Electrical and electronic engineering technologists and technicians,"96,045","88,713","7,332",7.6,"65,019","65,471","52,401",80
First-Line supervisors of office and administrative support workers,"930,606","313,684","616,922",66.3,"50,776","59,283","47,222",79.7
Property appraisers and assessors,"76,705","48,064","28,641",37.3,"62,871","70,439","56,134",79.7
"Bus drivers, transit and intercity","189,477","127,256","62,221",32.8,"42,321","46,765","37,170",79.5
"Claims adjusters, appraisers, examiners, and investigators","310,821","122,774","188,047",60.5,"57,095","65,756","52,257",79.5
Marketing managers,"462,811","185,926","276,885",59.8,"80,596","95,007","75,432",79.4
Detectives and criminal investigators,"143,440","108,647","34,793",24.3,"83,327","90,247","71,459",79.2
Supervisors of personal care and service workers,"98,845","41,519","57,326",58,"40,670","45,823","36,307",79.2
Administrative services managers,"56,637","17,489","39,148",69.1,"64,213","76,445","60,398",79
"Motor vehicle operators, all other","90,599","75,423","15,176",16.8,"31,585","32,812","25,908",79
Advertising and promotions managers,"47,962","20,939","27,023",56.3,"81,019","91,634","72,041",78.6
"Hairdressers, hairstylists, and cosmetologists","441,881","48,995","392,886",88.9,"30,084","36,915","29,004",78.6
Veterinarians,"71,009","25,506","45,503",64.1,"101,187","121,405","95,460",78.6
Procurement clerks,"36,722","15,718","21,004",57.2,"59,228","66,629","52,277",78.5
"Tax examiners and collectors, and revenue agents","52,223","19,889","32,334",61.9,"55,733","65,036","51,038",78.5
Diagnostic medical sonographers,"68,729","17,128","51,601",75.1,"70,908","85,815","67,244",78.4
Interpreters and translators,"46,569","14,211","32,358",69.5,"43,588","51,225","40,141",78.4
"Butchers and other meat, poultry, and fish processing workers","194,279","148,106","46,173",23.8,"31,844","34,541","27,053",78.3
Insurance underwriters,"108,313","44,314","63,999",59.1,"66,251","77,201","60,410",78.3
Chemists and materials scientists,"98,380","55,717","42,663",43.4,"76,785","85,197","66,645",78.2
"Agents and business managers of artists, performers, and athletes","31,236","19,625","11,611",37.2,"66,531","71,625","55,970",78.1
Artists and related workers,"153,698","94,913","58,785",38.2,"49,032","52,779","41,154",78
Other protective service workers,"28,275","19,198","9,077",32.1,"35,760","39,272","30,648",78
Chiropractors,"44,485","33,323","11,162",25.1,"75,365","80,030","62,315",77.9
Correctional officers and jailers,"353,653","251,850","101,803",28.8,"49,724","52,138","40,609",77.9
Janitors and building cleaners,"1,575,413","1,122,067","453,346",28.8,"30,504","32,169","25,051",77.9
Parts salespersons,"105,008","92,261","12,747",12.1,"40,365","41,053","31,901",77.7
Reservation and transportation ticket agents and travel clerks,"104,370","50,740","53,630",51.4,"39,534","45,582","35,409",77.7
"Architects, except landscape and naval","177,231","132,420","44,811",25.3,"87,239","92,818","72,021",77.6
Credit analysts,"33,966","15,441","18,525",54.5,"59,580","69,755","54,013",77.4
Food service managers,"831,299","432,632","398,667",48,"40,280","45,775","35,417",77.4
Training and development specialists,"129,863","57,930","71,933",55.4,"60,722","70,273","54,357",77.4
"Property, real estate, and community association managers","469,549","223,510","246,039",52.4,"56,061","65,809","50,783",77.2
Jewelers and precious stone and metal workers,"33,096","20,265","12,831",38.8,"38,171","41,105","31,690",77.1
Carpenters,"959,403","941,130","18,273",1.9,"40,759","40,873","31,452",77
Teaching assistants,"595,135","102,817","492,318",82.7,"24,827","30,505","23,487",77
Prepress technicians and workers,"17,894","11,624","6,270",35,"39,918","44,060","33,870",76.9
Supervisors of transportation and material moving workers,"237,932","191,253","46,679",19.6,"51,291","53,239","40,954",76.9
Chief executives,"1,268,017","932,743","335,274",26.4,"150,513","157,133","120,635",76.8
Other metal workers and plastic workers,"371,172","284,584","86,588",23.3,"37,118","40,247","30,928",76.8
Lawyers,"946,723","591,281","355,442",37.5,"131,501","150,220","115,257",76.7
General and operations managers,"1,026,798","685,078","341,720",33.3,"72,566","80,489","61,643",76.6
"Sales representatives of services, except advertising, insurance, financial services, and travel","527,903","362,135","165,768",31.4,"70,590","76,584","58,685",76.6
Waiters and waitresses,"744,576","262,362","482,214",64.8,"25,216","29,504","22,598",76.6
Cardiovascular technologists and technicians,"37,324","15,708","21,616",57.9,"55,066","66,510","50,686",76.2
"Managers, all other","3,770,040","2,428,328","1,341,712",35.6,"81,086","90,343","68,884",76.2
Computer numerically controlled tool operators and programmers,"103,394","95,471","7,923",7.7,"47,165","48,679","36,981",76
Food batchmakers,"63,719","29,829","33,890",53.2,"30,847","35,599","27,069",76
Painting workers,"126,089","112,726","13,363",10.6,"41,384","42,118","31,998",76
Actuaries,"30,007","18,798","11,209",37.4,"121,833","133,788","101,006",75.5
Dental and ophthalmic laboratory technicians and medical appliance technicians,"71,994","33,623","38,371",53.3,"38,868","46,739","35,296",75.5
"Graders and sorters, agricultural products","36,052","13,975","22,077",61.2,"24,731","30,100","22,681",75.4
"Morticians, undertakers, and funeral arrangers","32,854","22,791","10,063",30.6,"52,283","58,605","44,153",75.3
Counter and rental clerks,"56,820","35,642","21,178",37.3,"34,625","38,132","28,505",74.8
Painters and paperhangers,"409,553","379,190","30,363",7.4,"33,965","34,833","26,043",74.8
Radio and telecommunications equipment installers and repairers,"138,910","128,620","10,290",7.4,"59,565","60,434","44,829",74.2
"Business operations specialists, all other","320,774","144,105","176,669",55.1,"65,134","77,146","57,186",74.1
Lodging managers,"123,830","60,479","63,351",51.2,"51,576","61,950","45,892",74.1
"Dispatchers, except police, fire, and ambulance","155,078","80,341","74,737",48.2,"41,731","50,078","37,025",73.9
Other production workers,"1,062,679","758,700","303,979",28.6,"37,043","40,772","30,093",73.8
Real estate brokers and sales agents,"643,262","311,958","331,304",51.5,"61,192","71,591","52,429",73.2
Cost estimators,"134,311","114,132","20,179",15,"66,724","70,429","51,396",73
Telemarketers,"25,495","9,617","15,878",62.3,"26,440","31,529","22,974",72.9
Aircraft mechanics and service technicians,"140,687","134,337","6,350",4.5,"67,669","68,810","50,126",72.8
Industrial and refractory machinery mechanics,"355,822","341,966","13,856",3.9,"55,609","56,059","40,826",72.8
First-line supervisors of production and operating workers,"735,945","588,847","147,098",20,"56,005","60,086","43,660",72.7
Miscellaneous agricultural workers,"474,301","390,952","83,349",17.6,"29,147","30,697","22,308",72.7
Retail salespersons,"1,673,056","1,018,068","654,988",39.1,"35,903","41,131","29,896",72.7
"Production, planning, and expediting clerks","272,346","127,861","144,485",53.1,"51,313","62,139","45,132",72.6
Database administrators and architects,"113,267","77,025","36,242",32,"90,976","96,930","70,256",72.5
First-Line supervisors of retail sales workers,"2,586,031","1,435,872","1,150,159",44.5,"42,391","50,270","36,432",72.5
Sales managers,"494,737","334,121","160,616",32.5,"99,456","106,477","77,087",72.4
Tax preparers,"47,641","18,777","28,864",60.6,"52,421","62,394","45,106",72.3
Laundry and dry-cleaning workers,"100,981","35,667","65,314",64.7,"23,438","30,249","21,723",71.8
Other teachers and instructors,"384,424","174,057","210,367",54.7,"47,556","57,057","40,967",71.8
Taxi drivers,"302,507","260,472","42,035",13.9,"30,482","31,314","22,458",71.7
"Welding, soldering, and brazing workers","539,491","507,458","32,033",5.9,"42,703","44,577","31,859",71.5
"Information and record clerks, all other","86,333","17,282","69,051",80,"37,438","50,432","35,985",71.4
"First-line supervisors of landscaping, lawn service, and groundskeeping workers","133,684","125,323","8,361",6.3,"43,509","45,082","32,086",71.2
"Farmers, ranchers, and other agricultural managers","468,808","411,859","56,949",12.1,"42,498","46,000","32,007",69.6
"Judges, magistrates, and other judicial workers","63,837","32,348","31,489",49.3,"105,383","127,453","88,720",69.6
"Inspectors, testers, sorters, samplers, and weighers","665,372","418,301","247,071",37.1,"42,163","49,928","34,626",69.4
Credit counselors and loan officers,"312,507","135,003","177,504",56.8,"62,017","80,064","54,546",68.1
Driver/sales workers and truck drivers,"2,886,784","2,726,573","160,211",5.5,"46,698","47,377","32,234",68
Printing press operators,"131,701","104,894","26,807",20.4,"40,126","42,465","28,849",67.9
Insurance sales agents,"495,351","249,954","245,397",49.5,"51,647","66,667","45,095",67.6
"Opticians, dispensing","52,161","15,736","36,425",69.8,"38,783","51,825","35,033",67.6
Financial managers,"1,207,274","533,586","673,688",55.8,"81,468","102,404","68,737",67.1
First-line supervisors of housekeeping and janitorial workers,"206,282","129,321","76,961",37.3,"38,904","45,410","30,410",67
First-line supervisors of construction trades and extraction workers,"580,040","562,793","17,247",3,"61,467","61,744","41,334",66.9
Animal trainers,"34,038","12,454","21,584",63.4,"31,202","40,397","26,902",66.6
"Sales and related workers, all other","211,531","113,081","98,450",46.5,"55,462","70,623","45,856",64.9
Photographic process workers and processing machine operators,"20,420","13,523","6,897",33.8,"52,739","56,950","36,858",64.7
"Financial clerks, all other","89,984","35,798","54,186",60.2,"54,101","75,321","48,127",63.9
Personal financial advisors,"356,802","251,382","105,420",29.5,"100,846","116,105","73,002",62.9
Other material moving workers,"61,466","51,365","10,101",16.4,"39,748","41,876","25,753",61.5
Machine feeders and offbearers,"24,955","15,170","9,785",39.2,"30,914","40,944","24,963",61
"Title examiners, abstractors, and searchers","76,681","25,264","51,417",67.1,"51,425","76,600","46,693",61
Other financial specialists,"86,667","38,499","48,168",55.6,"67,805","99,232","59,726",60.2
"Securities, commodities, and financial services sales agents","203,862","148,731","55,131",27,"94,595","110,316","65,529",59.4
"Pressers, textile, garment, and related materials","21,471","10,557","10,914",50.8,"25,589","38,843","21,533",55.4